mmsi,n_episodes,total_anom_min,axis,linear_r2,max_jump_km,n_anom_points
265000000,1,351.0,cross,0.9999999999999989,898.8004150390625,166
265000001,1,346.0,cross,1.0000000000000016,881.6693115234375,165
265000002,1,346.0,cross,1.000000000000001,864.723388671875,165
